timestamp,algorithm,n,seed,neg_ratio,dataset_key,batch_id,run_kind,runtime_us,k,neg_count,pos_count,partition_ok,k_ok,ok,array_file
20260327_142236_536376_f94377,Direct Scan,1000,123,0.500000,seed=123|neg_ratio=0.500000,all_20260327_142236_440949_b509cc,all,20326,480,480,520,True,True,True,
20260327_142236_558168_e6a79e,Two Pointers,1000,123,0.500000,seed=123|neg_ratio=0.500000,all_20260327_142236_440949_b509cc,all,187,480,480,520,True,True,True,
20260327_142236_577951_3c2a95,Transform-and-Conquer,1000,123,0.500000,seed=123|neg_ratio=0.500000,all_20260327_142236_440949_b509cc,all,156,480,480,520,True,True,True,
20260327_142236_605488_55d18f,Divide-and-Conquer,1000,123,0.500000,seed=123|neg_ratio=0.500000,all_20260327_142236_440949_b509cc,all,2670,480,480,520,True,True,True,
20260327_142245_069171_00db21,Direct Scan,5000,123,0.500000,seed=123|neg_ratio=0.500000,all_20260327_142244_484535_c2c0f5,all,193603,2482,2482,2518,True,True,True,
20260327_142245_085206_67682e,Two Pointers,5000,123,0.500000,seed=123|neg_ratio=0.500000,all_20260327_142244_484535_c2c0f5,all,916,2482,2482,2518,True,True,True,
20260327_142245_116742_c05961,Transform-and-Conquer,5000,123,0.500000,seed=123|neg_ratio=0.500000,all_20260327_142244_484535_c2c0f5,all,841,2482,2482,2518,True,True,True,
20260327_142245_198094_d6770f,Divide-and-Conquer,5000,123,0.500000,seed=123|neg_ratio=0.500000,all_20260327_142244_484535_c2c0f5,all,17717,2482,2482,2518,True,True,True,
20260327_142255_958624_44954b,Direct Scan,10000,123,0.500000,seed=123|neg_ratio=0.500000,all_20260327_142253_550453_145654,all,797720,4996,4996,5004,True,True,True,
20260327_142255_985733_18e66e,Two Pointers,10000,123,0.500000,seed=123|neg_ratio=0.500000,all_20260327_142253_550453_145654,all,1541,4996,4996,5004,True,True,True,
20260327_142256_012694_6dd274,Transform-and-Conquer,10000,123,0.500000,seed=123|neg_ratio=0.500000,all_20260327_142253_550453_145654,all,1652,4996,4996,5004,True,True,True,
20260327_142256_127489_906462,Divide-and-Conquer,10000,123,0.500000,seed=123|neg_ratio=0.500000,all_20260327_142253_550453_145654,all,32409,4996,4996,5004,True,True,True,
20260327_142315_180570_cf8d11,Direct Scan,20000,123,0.500000,seed=123|neg_ratio=0.500000,all_20260327_142305_381475_13e48b,all,3266657,9927,9927,10073,True,True,True,
20260327_142315_211867_4db96c,Two Pointers,20000,123,0.500000,seed=123|neg_ratio=0.500000,all_20260327_142305_381475_13e48b,all,2944,9927,9927,10073,True,True,True,
20260327_142315_259267_3827cc,Transform-and-Conquer,20000,123,0.500000,seed=123|neg_ratio=0.500000,all_20260327_142305_381475_13e48b,all,3791,9927,9927,10073,True,True,True,
20260327_142315_479511_e88166,Divide-and-Conquer,20000,123,0.500000,seed=123|neg_ratio=0.500000,all_20260327_142305_381475_13e48b,all,65751,9927,9927,10073,True,True,True,
20260327_142426_299307_e9e623,Direct Scan,50000,123,0.500000,seed=123|neg_ratio=0.500000,all_20260327_142322_474226_64e8ba,all,21270982,25103,25103,24897,True,True,True,
20260327_142426_362960_d39679,Two Pointers,50000,123,0.500000,seed=123|neg_ratio=0.500000,all_20260327_142322_474226_64e8ba,all,7491,25103,25103,24897,True,True,True,
20260327_142426_426201_ee3d4f,Transform-and-Conquer,50000,123,0.500000,seed=123|neg_ratio=0.500000,all_20260327_142322_474226_64e8ba,all,9242,25103,25103,24897,True,True,True,
20260327_142426_972827_6657a6,Divide-and-Conquer,50000,123,0.500000,seed=123|neg_ratio=0.500000,all_20260327_142322_474226_64e8ba,all,175474,25103,25103,24897,True,True,True,
20260327_142903_567559_149356,Direct Scan,100000,123,0.500000,seed=123|neg_ratio=0.500000,all_20260327_142444_587813_f39b78,all,86322988,50150,50150,49850,True,True,True,
20260327_142903_676005_9241b1,Two Pointers,100000,123,0.500000,seed=123|neg_ratio=0.500000,all_20260327_142444_587813_f39b78,all,18415,50150,50150,49850,True,True,True,
20260327_142903_784510_28ace5,Transform-and-Conquer,100000,123,0.500000,seed=123|neg_ratio=0.500000,all_20260327_142444_587813_f39b78,all,20165,50150,50150,49850,True,True,True,
20260327_142904_966714_c01840,Divide-and-Conquer,100000,123,0.500000,seed=123|neg_ratio=0.500000,all_20260327_142444_587813_f39b78,all,375989,50150,50150,49850,True,True,True,
20260327_144850_508034_0b48e0,Direct Scan,200000,123,0.500000,seed=123|neg_ratio=0.500000,all_20260327_142958_575357_e77478,all,377303289,100120,100120,99880,True,True,True,
20260327_144850_703754_9b2426,Two Pointers,200000,123,0.500000,seed=123|neg_ratio=0.500000,all_20260327_142958_575357_e77478,all,38684,100120,100120,99880,True,True,True,
20260327_144850_953483_5d10d5,Transform-and-Conquer,200000,123,0.500000,seed=123|neg_ratio=0.500000,all_20260327_142958_575357_e77478,all,52863,100120,100120,99880,True,True,True,
20260327_144853_486412_d06a2d,Divide-and-Conquer,200000,123,0.500000,seed=123|neg_ratio=0.500000,all_20260327_142958_575357_e77478,all,815658,100120,100120,99880,True,True,True,
20260327_145528_250476_d4ffb0,Direct Scan,1000,123,0.100000,seed=123|neg_ratio=0.100000,all_20260327_145528_234770_821288,all,2567,87,87,913,True,True,True,
20260327_145528_266162_0671d6,Two Pointers,1000,123,0.100000,seed=123|neg_ratio=0.100000,all_20260327_145528_234770_821288,all,119,87,87,913,True,True,True,
20260327_145528_281961_035e73,Transform-and-Conquer,1000,123,0.100000,seed=123|neg_ratio=0.100000,all_20260327_145528_234770_821288,all,151,87,87,913,True,True,True,
20260327_145528_313914_aef2bf,Divide-and-Conquer,1000,123,0.100000,seed=123|neg_ratio=0.100000,all_20260327_145528_234770_821288,all,2611,87,87,913,True,True,True,
20260327_145537_239219_941686,Direct Scan,5000,123,0.100000,seed=123|neg_ratio=0.100000,all_20260327_145537_017738_5ddf34,all,69463,474,474,4526,True,True,True,
20260327_145537_255135_b53311,Two Pointers,5000,123,0.100000,seed=123|neg_ratio=0.100000,all_20260327_145537_017738_5ddf34,all,638,474,474,4526,True,True,True,
20260327_145537_282925_bea15f,Transform-and-Conquer,5000,123,0.100000,seed=123|neg_ratio=0.100000,all_20260327_145537_017738_5ddf34,all,770,474,474,4526,True,True,True,
20260327_145537_347444_6aa85d,Divide-and-Conquer,5000,123,0.100000,seed=123|neg_ratio=0.100000,all_20260327_145537_017738_5ddf34,all,15194,474,474,4526,True,True,True,
20260327_145545_081744_21bafe,Direct Scan,10000,123,0.100000,seed=123|neg_ratio=0.100000,all_20260327_145544_263124_f4a0fd,all,266872,963,963,9037,True,True,True,
20260327_145545_097424_57d011,Two Pointers,10000,123,0.100000,seed=123|neg_ratio=0.100000,all_20260327_145544_263124_f4a0fd,all,1269,963,963,9037,True,True,True,
20260327_145545_134065_dbf666,Transform-and-Conquer,10000,123,0.100000,seed=123|neg_ratio=0.100000,all_20260327_145544_263124_f4a0fd,all,1537,963,963,9037,True,True,True,
20260327_145545_247809_681d82,Divide-and-Conquer,10000,123,0.100000,seed=123|neg_ratio=0.100000,all_20260327_145544_263124_f4a0fd,all,31685,963,963,9037,True,True,True,
20260327_145615_407765_3e3654,Direct Scan,50000,123,0.100000,seed=123|neg_ratio=0.100000,all_20260327_145551_464871_10310f,all,7975854,5115,5115,44885,True,True,True,
20260327_145615_470940_ec75d1,Two Pointers,50000,123,0.100000,seed=123|neg_ratio=0.100000,all_20260327_145551_464871_10310f,all,7091,5115,5115,44885,True,True,True,
20260327_145615_539633_8e91ce,Transform-and-Conquer,50000,123,0.100000,seed=123|neg_ratio=0.100000,all_20260327_145551_464871_10310f,all,10175,5115,5115,44885,True,True,True,
20260327_145616_098401_b17a02,Divide-and-Conquer,50000,123,0.100000,seed=123|neg_ratio=0.100000,all_20260327_145551_464871_10310f,all,176838,5115,5115,44885,True,True,True,
20260327_145811_382424_61edc2,Direct Scan,100000,123,0.100000,seed=123|neg_ratio=0.100000,all_20260327_145636_830215_9fbf04,all,31514753,9968,9968,90032,True,True,True,
20260327_145811_477031_763576,Two Pointers,100000,123,0.100000,seed=123|neg_ratio=0.100000,all_20260327_145636_830215_9fbf04,all,13794,9968,9968,90032,True,True,True,
20260327_145811_588756_81bf66,Transform-and-Conquer,100000,123,0.100000,seed=123|neg_ratio=0.100000,all_20260327_145636_830215_9fbf04,all,18592,9968,9968,90032,True,True,True,
20260327_145812_771828_a2c1ef,Divide-and-Conquer,100000,123,0.100000,seed=123|neg_ratio=0.100000,all_20260327_145636_830215_9fbf04,all,378178,9968,9968,90032,True,True,True,
20260327_151030_531121_1ef296,Direct Scan,1000,123,0.900000,seed=123|neg_ratio=0.900000,all_20260327_151030_519681_382106,all,3691,899,899,101,True,True,True,
20260327_151030_547144_7f24d1,Two Pointers,1000,123,0.900000,seed=123|neg_ratio=0.900000,all_20260327_151030_519681_382106,all,156,899,899,101,True,True,True,
20260327_151030_578948_66a9e8,Transform-and-Conquer,1000,123,0.900000,seed=123|neg_ratio=0.900000,all_20260327_151030_519681_382106,all,155,899,899,101,True,True,True,
20260327_151030_610829_3ff13c,Divide-and-Conquer,1000,123,0.900000,seed=123|neg_ratio=0.900000,all_20260327_151030_519681_382106,all,2883,899,899,101,True,True,True,
20260327_151038_376041_867004,Direct Scan,5000,123,0.900000,seed=123|neg_ratio=0.900000,all_20260327_151038_106213_ad12c3,all,80163,4495,4495,505,True,True,True,
20260327_151038_392020_9a5560,Two Pointers,5000,123,0.900000,seed=123|neg_ratio=0.900000,all_20260327_151038_106213_ad12c3,all,765,4495,4495,505,True,True,True,
20260327_151038_423441_ad75e1,Transform-and-Conquer,5000,123,0.900000,seed=123|neg_ratio=0.900000,all_20260327_151038_106213_ad12c3,all,747,4495,4495,505,True,True,True,
20260327_151038_494171_aa8b60,Divide-and-Conquer,5000,123,0.900000,seed=123|neg_ratio=0.900000,all_20260327_151038_106213_ad12c3,all,14822,4495,4495,505,True,True,True,
20260327_151045_655723_8fd14d,Direct Scan,10000,123,0.900000,seed=123|neg_ratio=0.900000,all_20260327_151044_826521_e88581,all,270735,9012,9012,988,True,True,True,
20260327_151045_687578_82b536,Two Pointers,10000,123,0.900000,seed=123|neg_ratio=0.900000,all_20260327_151044_826521_e88581,all,1364,9012,9012,988,True,True,True,
20260327_151045_706756_702658,Transform-and-Conquer,10000,123,0.900000,seed=123|neg_ratio=0.900000,all_20260327_151044_826521_e88581,all,1545,9012,9012,988,True,True,True,
20260327_151045_829067_b2e868,Divide-and-Conquer,10000,123,0.900000,seed=123|neg_ratio=0.900000,all_20260327_151044_826521_e88581,all,31266,9012,9012,988,True,True,True,
20260327_151126_222425_aaae74,Direct Scan,50000,123,0.900000,seed=123|neg_ratio=0.900000,all_20260327_151103_247247_271c4d,all,7653405,45072,45072,4928,True,True,True,
20260327_151126_277632_e8b7da,Two Pointers,50000,123,0.900000,seed=123|neg_ratio=0.900000,all_20260327_151103_247247_271c4d,all,6848,45072,45072,4928,True,True,True,
20260327_151126_339358_c00523,Transform-and-Conquer,50000,123,0.900000,seed=123|neg_ratio=0.900000,all_20260327_151103_247247_271c4d,all,9395,45072,45072,4928,True,True,True,
20260327_151126_896588_a516ae,Divide-and-Conquer,50000,123,0.900000,seed=123|neg_ratio=0.900000,all_20260327_151103_247247_271c4d,all,174666,45072,45072,4928,True,True,True,
20260327_151309_484030_8741d4,Direct Scan,100000,123,0.900000,seed=123|neg_ratio=0.900000,all_20260327_151137_072541_5eb142,all,30800509,90114,90114,9886,True,True,True,
20260327_151309_578675_f6502e,Two Pointers,100000,123,0.900000,seed=123|neg_ratio=0.900000,all_20260327_151137_072541_5eb142,all,13928,90114,90114,9886,True,True,True,
20260327_151309_690050_d7786d,Transform-and-Conquer,100000,123,0.900000,seed=123|neg_ratio=0.900000,all_20260327_151137_072541_5eb142,all,18991,90114,90114,9886,True,True,True,
20260327_151310_858723_a99da4,Divide-and-Conquer,100000,123,0.900000,seed=123|neg_ratio=0.900000,all_20260327_151137_072541_5eb142,all,374146,90114,90114,9886,True,True,True,
20260327_151445_098315_a98803,Direct Scan,1000,123,0.300000,seed=123|neg_ratio=0.300000,all_20260327_151445_018654_cd93a6,all,16127,301,301,699,True,True,True,
20260327_151445_130051_d3913d,Two Pointers,1000,123,0.300000,seed=123|neg_ratio=0.300000,all_20260327_151445_018654_cd93a6,all,134,301,301,699,True,True,True,
20260327_151445_146243_f81c75,Transform-and-Conquer,1000,123,0.300000,seed=123|neg_ratio=0.300000,all_20260327_151445_018654_cd93a6,all,169,301,301,699,True,True,True,
20260327_151445_177727_a8d0d3,Divide-and-Conquer,1000,123,0.300000,seed=123|neg_ratio=0.300000,all_20260327_151445_018654_cd93a6,all,2645,301,301,699,True,True,True,
20260327_151452_508560_40fb61,Direct Scan,5000,123,0.300000,seed=123|neg_ratio=0.300000,all_20260327_151452_015463_bb85ac,all,160040,1485,1485,3515,True,True,True,
20260327_151452_539915_1304aa,Two Pointers,5000,123,0.300000,seed=123|neg_ratio=0.300000,all_20260327_151452_015463_bb85ac,all,667,1485,1485,3515,True,True,True,
20260327_151452_556154_f4050d,Transform-and-Conquer,5000,123,0.300000,seed=123|neg_ratio=0.300000,all_20260327_151452_015463_bb85ac,all,774,1485,1485,3515,True,True,True,
20260327_151452_628192_54c6aa,Divide-and-Conquer,5000,123,0.300000,seed=123|neg_ratio=0.300000,all_20260327_151452_015463_bb85ac,all,14858,1485,1485,3515,True,True,True,
20260327_151506_521385_eee146,Direct Scan,10000,123,0.300000,seed=123|neg_ratio=0.300000,all_20260327_151504_478128_b63808,all,669966,2986,2986,7014,True,True,True,
20260327_151506_537032_f6970e,Two Pointers,10000,123,0.300000,seed=123|neg_ratio=0.300000,all_20260327_151504_478128_b63808,all,1352,2986,2986,7014,True,True,True,
20260327_151506_568938_f507ea,Transform-and-Conquer,10000,123,0.300000,seed=123|neg_ratio=0.300000,all_20260327_151504_478128_b63808,all,1615,2986,2986,7014,True,True,True,
20260327_151506_687399_0bac9a,Divide-and-Conquer,10000,123,0.300000,seed=123|neg_ratio=0.300000,all_20260327_151504_478128_b63808,all,31420,2986,2986,7014,True,True,True,
20260327_151608_437448_21d1bf,Direct Scan,50000,123,0.300000,seed=123|neg_ratio=0.300000,all_20260327_151514_691703_3ab003,all,17912171,15120,15120,34880,True,True,True,
20260327_151608_500802_a84ad8,Two Pointers,50000,123,0.300000,seed=123|neg_ratio=0.300000,all_20260327_151514_691703_3ab003,all,7261,15120,15120,34880,True,True,True,
20260327_151608_560026_89e58f,Transform-and-Conquer,50000,123,0.300000,seed=123|neg_ratio=0.300000,all_20260327_151514_691703_3ab003,all,8575,15120,15120,34880,True,True,True,
20260327_151609_109889_7c9cfc,Divide-and-Conquer,50000,123,0.300000,seed=123|neg_ratio=0.300000,all_20260327_151514_691703_3ab003,all,176210,15120,15120,34880,True,True,True,
20260327_152016_025322_0e5047,Direct Scan,100000,123,0.300000,seed=123|neg_ratio=0.300000,all_20260327_151639_753247_b409a7,all,72084920,30020,30020,69980,True,True,True,
20260327_152016_123778_f955d6,Two Pointers,100000,123,0.300000,seed=123|neg_ratio=0.300000,all_20260327_151639_753247_b409a7,all,14753,30020,30020,69980,True,True,True,
20260327_152016_237139_29c1d2,Transform-and-Conquer,100000,123,0.300000,seed=123|neg_ratio=0.300000,all_20260327_151639_753247_b409a7,all,20099,30020,30020,69980,True,True,True,
20260327_152017_452337_b37d24,Divide-and-Conquer,100000,123,0.300000,seed=123|neg_ratio=0.300000,all_20260327_151639_753247_b409a7,all,388088,30020,30020,69980,True,True,True,
20260327_152102_205543_c955da,Direct Scan,1000,123,0.700000,seed=123|neg_ratio=0.700000,all_20260327_152102_110341_f19496,all,18653,679,679,321,True,True,True,
20260327_152102_252904_6b1873,Two Pointers,1000,123,0.700000,seed=123|neg_ratio=0.700000,all_20260327_152102_110341_f19496,all,281,679,679,321,True,True,True,
20260327_152102_300334_6e83b7,Transform-and-Conquer,1000,123,0.700000,seed=123|neg_ratio=0.700000,all_20260327_152102_110341_f19496,all,336,679,679,321,True,True,True,
20260327_152102_354057_9d2cff,Divide-and-Conquer,1000,123,0.700000,seed=123|neg_ratio=0.700000,all_20260327_152102_110341_f19496,all,3857,679,679,321,True,True,True,
20260327_152108_769750_be675e,Direct Scan,5000,123,0.700000,seed=123|neg_ratio=0.700000,all_20260327_152108_186013_1e51aa,all,181672,3499,3499,1501,True,True,True,
20260327_152108_801342_444f2a,Two Pointers,5000,123,0.700000,seed=123|neg_ratio=0.700000,all_20260327_152108_186013_1e51aa,all,670,3499,3499,1501,True,True,True,
20260327_152108_818168_914cbd,Transform-and-Conquer,5000,123,0.700000,seed=123|neg_ratio=0.700000,all_20260327_152108_186013_1e51aa,all,786,3499,3499,1501,True,True,True,
20260327_152108_889595_d9918c,Divide-and-Conquer,5000,123,0.700000,seed=123|neg_ratio=0.700000,all_20260327_152108_186013_1e51aa,all,15061,3499,3499,1501,True,True,True,
20260327_152116_365495_ef20e0,Direct Scan,10000,123,0.700000,seed=123|neg_ratio=0.700000,all_20260327_152114_356914_af2ca8,all,665269,7034,7034,2966,True,True,True,
20260327_152116_398031_5a4cda,Two Pointers,10000,123,0.700000,seed=123|neg_ratio=0.700000,all_20260327_152114_356914_af2ca8,all,1382,7034,7034,2966,True,True,True,
20260327_152116_429025_83ff49,Transform-and-Conquer,10000,123,0.700000,seed=123|neg_ratio=0.700000,all_20260327_152114_356914_af2ca8,all,1648,7034,7034,2966,True,True,True,
20260327_152116_545663_d516a5,Divide-and-Conquer,10000,123,0.700000,seed=123|neg_ratio=0.700000,all_20260327_152114_356914_af2ca8,all,31238,7034,7034,2966,True,True,True,
20260327_152217_868334_d3d2d3,Direct Scan,50000,123,0.700000,seed=123|neg_ratio=0.700000,all_20260327_152124_560415_0dd8f0,all,17764850,35071,35071,14929,True,True,True,
20260327_152217_927076_3eb964,Two Pointers,50000,123,0.700000,seed=123|neg_ratio=0.700000,all_20260327_152124_560415_0dd8f0,all,7597,35071,35071,14929,True,True,True,
20260327_152217_997960_bad6bd,Transform-and-Conquer,50000,123,0.700000,seed=123|neg_ratio=0.700000,all_20260327_152124_560415_0dd8f0,all,11234,35071,35071,14929,True,True,True,
20260327_152218_558116_d9e42a,Divide-and-Conquer,50000,123,0.700000,seed=123|neg_ratio=0.700000,all_20260327_152124_560415_0dd8f0,all,177099,35071,35071,14929,True,True,True,
20260327_152652_303382_bc4f74,Direct Scan,100000,123,0.700000,seed=123|neg_ratio=0.700000,all_20260327_152314_928061_c56496,all,72456138,70094,70094,29906,True,True,True,
20260327_152652_398262_8839d2,Two Pointers,100000,123,0.700000,seed=123|neg_ratio=0.700000,all_20260327_152314_928061_c56496,all,14832,70094,70094,29906,True,True,True,
20260327_152652_510075_af1ce3,Transform-and-Conquer,100000,123,0.700000,seed=123|neg_ratio=0.700000,all_20260327_152314_928061_c56496,all,20606,70094,70094,29906,True,True,True,
20260327_152653_686120_34ca07,Divide-and-Conquer,100000,123,0.700000,seed=123|neg_ratio=0.700000,all_20260327_152314_928061_c56496,all,376911,70094,70094,29906,True,True,True,
20260327_152720_468713_165977,Direct Scan,1000,1,0.500000,seed=1|neg_ratio=0.500000,all_20260327_152720_420883_a20944,all,7577,507,507,493,True,True,True,
20260327_152720_500691_c7f894,Two Pointers,1000,1,0.500000,seed=1|neg_ratio=0.500000,all_20260327_152720_420883_a20944,all,141,507,507,493,True,True,True,
20260327_152720_516801_fe3a81,Transform-and-Conquer,1000,1,0.500000,seed=1|neg_ratio=0.500000,all_20260327_152720_420883_a20944,all,157,507,507,493,True,True,True,
20260327_152720_552674_0847c4,Divide-and-Conquer,1000,1,0.500000,seed=1|neg_ratio=0.500000,all_20260327_152720_420883_a20944,all,2659,507,507,493,True,True,True,
20260327_152728_404879_be4906,Direct Scan,5000,1,0.500000,seed=1|neg_ratio=0.500000,all_20260327_152727_805027_8a3db5,all,193717,2493,2493,2507,True,True,True,
20260327_152728_436564_30070c,Two Pointers,5000,1,0.500000,seed=1|neg_ratio=0.500000,all_20260327_152727_805027_8a3db5,all,680,2493,2493,2507,True,True,True,
20260327_152728_464007_1d7f89,Transform-and-Conquer,5000,1,0.500000,seed=1|neg_ratio=0.500000,all_20260327_152727_805027_8a3db5,all,800,2493,2493,2507,True,True,True,
20260327_152728_527128_3006a3,Divide-and-Conquer,5000,1,0.500000,seed=1|neg_ratio=0.500000,all_20260327_152727_805027_8a3db5,all,14977,2493,2493,2507,True,True,True,
20260327_152737_495049_0784f6,Direct Scan,10000,1,0.500000,seed=1|neg_ratio=0.500000,all_20260327_152735_097045_ab8e8d,all,791922,5002,5002,4998,True,True,True,
20260327_152737_526635_d02c8e,Two Pointers,10000,1,0.500000,seed=1|neg_ratio=0.500000,all_20260327_152735_097045_ab8e8d,all,1427,5002,5002,4998,True,True,True,
20260327_152737_558308_34c8a5,Transform-and-Conquer,10000,1,0.500000,seed=1|neg_ratio=0.500000,all_20260327_152735_097045_ab8e8d,all,1720,5002,5002,4998,True,True,True,
20260327_152737_710996_84715f,Divide-and-Conquer,10000,1,0.500000,seed=1|neg_ratio=0.500000,all_20260327_152735_097045_ab8e8d,all,38990,5002,5002,4998,True,True,True,
20260327_152847_401849_f71d1c,Direct Scan,50000,1,0.500000,seed=1|neg_ratio=0.500000,all_20260327_152743_935485_f1a443,all,21152505,24924,24924,25076,True,True,True,
20260327_152847_465066_391148,Two Pointers,50000,1,0.500000,seed=1|neg_ratio=0.500000,all_20260327_152743_935485_f1a443,all,8061,24924,24924,25076,True,True,True,
20260327_152847_538928_ac0f26,Transform-and-Conquer,50000,1,0.500000,seed=1|neg_ratio=0.500000,all_20260327_152743_935485_f1a443,all,12458,24924,24924,25076,True,True,True,
20260327_152848_122787_4cc3dc,Divide-and-Conquer,50000,1,0.500000,seed=1|neg_ratio=0.500000,all_20260327_152743_935485_f1a443,all,182465,24924,24924,25076,True,True,True,
20260327_153318_173279_00f798,Direct Scan,100000,1,0.500000,seed=1|neg_ratio=0.500000,all_20260327_152859_742095_9e2c67,all,86139700,49864,49864,50136,True,True,True,
20260327_153318_280281_1ccad1,Two Pointers,100000,1,0.500000,seed=1|neg_ratio=0.500000,all_20260327_152859_742095_9e2c67,all,17048,49864,49864,50136,True,True,True,
20260327_153318_399955_a8f168,Transform-and-Conquer,100000,1,0.500000,seed=1|neg_ratio=0.500000,all_20260327_152859_742095_9e2c67,all,20495,49864,49864,50136,True,True,True,
20260327_153319_636101_22c491,Divide-and-Conquer,100000,1,0.500000,seed=1|neg_ratio=0.500000,all_20260327_152859_742095_9e2c67,all,392288,49864,49864,50136,True,True,True,
20260327_153341_282754_f51253,Direct Scan,1000,42,0.500000,seed=42|neg_ratio=0.500000,all_20260327_153341_187272_72bf5f,all,18943,502,502,498,True,True,True,
20260327_153341_298466_ce34ad,Two Pointers,1000,42,0.500000,seed=42|neg_ratio=0.500000,all_20260327_153341_187272_72bf5f,all,148,502,502,498,True,True,True,
20260327_153341_327712_4c6f7d,Transform-and-Conquer,1000,42,0.500000,seed=42|neg_ratio=0.500000,all_20260327_153341_187272_72bf5f,all,165,502,502,498,True,True,True,
20260327_153341_352386_e7dbac,Divide-and-Conquer,1000,42,0.500000,seed=42|neg_ratio=0.500000,all_20260327_153341_187272_72bf5f,all,2651,502,502,498,True,True,True,
20260327_153347_786823_0cdd4c,Direct Scan,5000,42,0.500000,seed=42|neg_ratio=0.500000,all_20260327_153347_153814_522002,all,200715,2531,2531,2469,True,True,True,
20260327_153347_802611_516252,Two Pointers,5000,42,0.500000,seed=42|neg_ratio=0.500000,all_20260327_153347_153814_522002,all,704,2531,2531,2469,True,True,True,
20260327_153347_834312_ff36fe,Transform-and-Conquer,5000,42,0.500000,seed=42|neg_ratio=0.500000,all_20260327_153347_153814_522002,all,864,2531,2531,2469,True,True,True,
20260327_153347_902578_0f1d42,Divide-and-Conquer,5000,42,0.500000,seed=42|neg_ratio=0.500000,all_20260327_153347_153814_522002,all,15396,2531,2531,2469,True,True,True,
20260327_153356_711500_fe42ae,Direct Scan,10000,42,0.500000,seed=42|neg_ratio=0.500000,all_20260327_153354_336569_598fb2,all,786733,5041,5041,4959,True,True,True,
20260327_153356_742956_d8389a,Two Pointers,10000,42,0.500000,seed=42|neg_ratio=0.500000,all_20260327_153354_336569_598fb2,all,1418,5041,5041,4959,True,True,True,
20260327_153356_774476_5ae4f8,Transform-and-Conquer,10000,42,0.500000,seed=42|neg_ratio=0.500000,all_20260327_153354_336569_598fb2,all,1792,5041,5041,4959,True,True,True,
20260327_153356_900940_0c8d2d,Divide-and-Conquer,10000,42,0.500000,seed=42|neg_ratio=0.500000,all_20260327_153354_336569_598fb2,all,33869,5041,5041,4959,True,True,True,
20260327_153507_406818_b5d484,Direct Scan,50000,42,0.500000,seed=42|neg_ratio=0.500000,all_20260327_153403_088680_f2fc86,all,21431372,25007,25007,24993,True,True,True,
20260327_153507_454404_9e6903,Two Pointers,50000,42,0.500000,seed=42|neg_ratio=0.500000,all_20260327_153403_088680_f2fc86,all,7520,25007,25007,24993,True,True,True,
20260327_153507_521545_0d66ea,Transform-and-Conquer,50000,42,0.500000,seed=42|neg_ratio=0.500000,all_20260327_153403_088680_f2fc86,all,9599,25007,25007,24993,True,True,True,
20260327_153508_081191_e540cd,Divide-and-Conquer,50000,42,0.500000,seed=42|neg_ratio=0.500000,all_20260327_153403_088680_f2fc86,all,175615,25007,25007,24993,True,True,True,
20260327_153935_057231_7b6ffa,Direct Scan,100000,42,0.500000,seed=42|neg_ratio=0.500000,all_20260327_153517_950542_91741c,all,85697781,49901,49901,50099,True,True,True,
20260327_153935_143938_ef0755,Two Pointers,100000,42,0.500000,seed=42|neg_ratio=0.500000,all_20260327_153517_950542_91741c,all,15434,49901,49901,50099,True,True,True,
20260327_153935_258656_30b5b2,Transform-and-Conquer,100000,42,0.500000,seed=42|neg_ratio=0.500000,all_20260327_153517_950542_91741c,all,20126,49901,49901,50099,True,True,True,
20260327_153936_431683_69cff3,Divide-and-Conquer,100000,42,0.500000,seed=42|neg_ratio=0.500000,all_20260327_153517_950542_91741c,all,374301,49901,49901,50099,True,True,True,
20260327_154424_103239_d3b216,Direct Scan,1000,999,0.500000,seed=999|neg_ratio=0.500000,all_20260327_154424_008237_c3f5e4,all,20211,517,517,483,True,True,True,
20260327_154424_124147_33da0d,Two Pointers,1000,999,0.500000,seed=999|neg_ratio=0.500000,all_20260327_154424_008237_c3f5e4,all,185,517,517,483,True,True,True,
20260327_154424_134684_4cb5ae,Transform-and-Conquer,1000,999,0.500000,seed=999|neg_ratio=0.500000,all_20260327_154424_008237_c3f5e4,all,155,517,517,483,True,True,True,
20260327_154424_166028_132440,Divide-and-Conquer,1000,999,0.500000,seed=999|neg_ratio=0.500000,all_20260327_154424_008237_c3f5e4,all,2626,517,517,483,True,True,True,
20260327_154448_599908_1ff550,Direct Scan,5000,999,0.500000,seed=999|neg_ratio=0.500000,all_20260327_154447_997897_a91825,all,192442,2476,2476,2524,True,True,True,
20260327_154448_618163_23f1a4,Two Pointers,5000,999,0.500000,seed=999|neg_ratio=0.500000,all_20260327_154447_997897_a91825,all,918,2476,2476,2524,True,True,True,
20260327_154448_647074_ddb34c,Transform-and-Conquer,5000,999,0.500000,seed=999|neg_ratio=0.500000,all_20260327_154447_997897_a91825,all,858,2476,2476,2524,True,True,True,
20260327_154448_710357_f6f4a9,Divide-and-Conquer,5000,999,0.500000,seed=999|neg_ratio=0.500000,all_20260327_154447_997897_a91825,all,15237,2476,2476,2524,True,True,True,
20260327_154458_185735_bcd768,Direct Scan,10000,999,0.500000,seed=999|neg_ratio=0.500000,all_20260327_154455_859389_31978f,all,771121,4966,4966,5034,True,True,True,
20260327_154458_217479_b79823,Two Pointers,10000,999,0.500000,seed=999|neg_ratio=0.500000,all_20260327_154455_859389_31978f,all,1573,4966,4966,5034,True,True,True,
20260327_154458_249198_1e3947,Transform-and-Conquer,10000,999,0.500000,seed=999|neg_ratio=0.500000,all_20260327_154455_859389_31978f,all,1661,4966,4966,5034,True,True,True,
20260327_154458_376218_7aca62,Divide-and-Conquer,10000,999,0.500000,seed=999|neg_ratio=0.500000,all_20260327_154455_859389_31978f,all,35590,4966,4966,5034,True,True,True,
20260327_173243_886074_ff80f5,Direct Scan,50000,999,0.500000,seed=999|neg_ratio=0.500000,all_20260327_173139_239067_85b7dd,all,21547462,24904,24904,25096,True,True,True,
20260327_173243_948919_c5401e,Two Pointers,50000,999,0.500000,seed=999|neg_ratio=0.500000,all_20260327_173139_239067_85b7dd,all,7545,24904,24904,25096,True,True,True,
20260327_173244_011979_788ca6,Transform-and-Conquer,50000,999,0.500000,seed=999|neg_ratio=0.500000,all_20260327_173139_239067_85b7dd,all,8752,24904,24904,25096,True,True,True,
20260327_173244_569265_fa904d,Divide-and-Conquer,50000,999,0.500000,seed=999|neg_ratio=0.500000,all_20260327_173139_239067_85b7dd,all,174429,24904,24904,25096,True,True,True,
20260327_173716_003800_8efbcd,Direct Scan,100000,999,0.500000,seed=999|neg_ratio=0.500000,all_20260327_173257_857076_a9cd14,all,86047124,49800,49800,50200,True,True,True,
20260327_173716_098114_95cde6,Two Pointers,100000,999,0.500000,seed=999|neg_ratio=0.500000,all_20260327_173257_857076_a9cd14,all,15105,49800,49800,50200,True,True,True,
20260327_173716_208186_e6c9fc,Transform-and-Conquer,100000,999,0.500000,seed=999|neg_ratio=0.500000,all_20260327_173257_857076_a9cd14,all,17911,49800,49800,50200,True,True,True,
20260327_173717_352320_8d5ac5,Divide-and-Conquer,100000,999,0.500000,seed=999|neg_ratio=0.500000,all_20260327_173257_857076_a9cd14,all,366423,49800,49800,50200,True,True,True,
